657eb0d2-2b47-4024-8e2d-5f6722bc9952,2021-12-20T06:47:18Z,escooter,52.508046,13.498906, 52.507982, 13.498232
c3727a54-74dd-4df4-b3a8-9e9959d85d42,2021-12-20T05:06:36Z,escooter,52.508158,13.495912, 52.507982, 13.495032
6d1b7886-0f6d-4981-b71a-1e0078d4823c,2021-12-20T06:46:30Z,escooter,52.508663,13.497405, 52.507982, 13.496632
d29bc69f-4416-4202-a224-3a3b85894568,2021-12-20T06:46:05Z,escooter,52.508203,13.495939, 52.507982, 13.495032
c3727a54-74dd-4df4-b3a8-9e9959d85d42,2021-12-20T05:06:36Z,escooter,52.508158,13.495912, 52.507982, 13.495032
d29bc69f-4416-4202-a224-3a3b85894568,2021-12-20T07:38:41Z,escooter,52.508203,13.495939, 52.507982, 13.495032
1fdda4d1-c658-41ff-8c45-26d2ab5917b8,2021-12-20T07:39:17Z,escooter,52.509363,13.49971, 52.509282, 13.499832
657eb0d2-2b47-4024-8e2d-5f6722bc9952,2021-12-20T07:37:21Z,escooter,52.508046,13.498906, 52.507982, 13.498232
6d1b7886-0f6d-4981-b71a-1e0078d4823c,2021-12-20T07:36:33Z,escooter,52.508663,13.497405, 52.507982, 13.496632
c3727a54-74dd-4df4-b3a8-9e9959d85d42,2021-12-20T08:46:11Z,escooter,52.508249,13.495863, 52.507982, 13.495032
d29bc69f-4416-4202-a224-3a3b85894568,2021-12-20T08:46:13Z,escooter,52.508203,13.495939, 52.507982, 13.495032
1fdda4d1-c658-41ff-8c45-26d2ab5917b8,2021-12-20T08:43:27Z,escooter,52.509359,13.499732, 52.509282, 13.499832
6d1b7886-0f6d-4981-b71a-1e0078d4823c,2021-12-20T08:46:37Z,escooter,52.508663,13.497405, 52.507982, 13.496632
657eb0d2-2b47-4024-8e2d-5f6722bc9952,2021-12-20T08:47:26Z,escooter,52.508046,13.498906, 52.507982, 13.498232
c3727a54-74dd-4df4-b3a8-9e9959d85d42,2021-12-20T10:16:17Z,escooter,52.508194,13.495832, 52.507982, 13.495032
1fdda4d1-c658-41ff-8c45-26d2ab5917b8,2021-12-20T10:19:17Z,escooter,52.509359,13.499732, 52.509282, 13.499832
51ac1eee-b186-4638-9dad-3e96a03c9056,2021-12-20T10:20:24Z,escooter,52.508038,13.496974, 52.507982, 13.496632
657eb0d2-2b47-4024-8e2d-5f6722bc9952,2021-12-20T10:18:02Z,escooter,52.508046,13.498906, 52.507982, 13.498232
d29bc69f-4416-4202-a224-3a3b85894568,2021-12-20T10:16:18Z,escooter,52.508203,13.495939, 52.507982, 13.495032
6d1b7886-0f6d-4981-b71a-1e0078d4823c,2021-12-20T10:16:43Z,escooter,52.508663,13.497405, 52.507982, 13.496632
d29bc69f-4416-4202-a224-3a3b85894568,2021-12-20T15:46:38Z,escooter,52.508203,13.495939, 52.507982, 13.495032
657eb0d2-2b47-4024-8e2d-5f6722bc9952,2021-12-20T15:37:50Z,escooter,52.508046,13.498906, 52.507982, 13.498232
d29bc69f-4416-4202-a224-3a3b85894568,2021-12-20T17:46:45Z,escooter,52.508203,13.495939, 52.507982, 13.495032
15abc02e-87c7-44ee-9490-f414c76ff7d1,2021-12-20T17:45:49Z,escooter,52.508887,13.49753, 52.507982, 13.496632
d29bc69f-4416-4202-a224-3a3b85894568,2021-12-20T18:46:49Z,escooter,52.508203,13.495939, 52.507982, 13.495032
c3727a54-74dd-4df4-b3a8-9e9959d85d42,2021-12-20T18:47:03Z,escooter,52.508211,13.495864, 52.507982, 13.495032
657eb0d2-2b47-4024-8e2d-5f6722bc9952,2021-12-19T06:45:51Z,escooter,52.508046,13.498906, 52.507982, 13.498232
96cff0c4-cc36-4fb4-961f-796ad06ef950,2021-12-19T06:44:43Z,escooter,52.508765,13.497643, 52.507982, 13.498232
d29bc69f-4416-4202-a224-3a3b85894568,2021-12-19T06:44:38Z,escooter,52.508203,13.495939, 52.507982, 13.495032
c3727a54-74dd-4df4-b3a8-9e9959d85d42,2021-12-19T06:43:28Z,escooter,52.50827,13.495833, 52.507982, 13.495032
657eb0d2-2b47-4024-8e2d-5f6722bc9952,2021-12-19T07:35:54Z,escooter,52.508046,13.498906, 52.507982, 13.498232
96cff0c4-cc36-4fb4-961f-796ad06ef950,2021-12-19T07:39:24Z,escooter,52.508765,13.497643, 52.507982, 13.498232
c3727a54-74dd-4df4-b3a8-9e9959d85d42,2021-12-19T07:33:31Z,escooter,52.50827,13.495833, 52.507982, 13.495032
d29bc69f-4416-4202-a224-3a3b85894568,2021-12-19T07:38:39Z,escooter,52.508203,13.495939, 52.507982, 13.495032
96cff0c4-cc36-4fb4-961f-796ad06ef950,2021-12-19T08:44:50Z,escooter,52.508765,13.497643, 52.507982, 13.498232
c3727a54-74dd-4df4-b3a8-9e9959d85d42,2021-12-19T08:43:35Z,escooter,52.50827,13.495833, 52.507982, 13.495032
d29bc69f-4416-4202-a224-3a3b85894568,2021-12-19T08:44:45Z,escooter,52.508203,13.495939, 52.507982, 13.495032
657eb0d2-2b47-4024-8e2d-5f6722bc9952,2021-12-19T08:45:58Z,escooter,52.508046,13.498906, 52.507982, 13.498232
657eb0d2-2b47-4024-8e2d-5f6722bc9952,2021-12-19T09:38:04Z,escooter,52.508046,13.498906, 52.507982, 13.498232
d29bc69f-4416-4202-a224-3a3b85894568,2021-12-19T09:34:48Z,escooter,52.508203,13.495939, 52.507982, 13.495032
c3727a54-74dd-4df4-b3a8-9e9959d85d42,2021-12-19T09:36:28Z,escooter,52.50827,13.495833, 52.507982, 13.495032
96cff0c4-cc36-4fb4-961f-796ad06ef950,2021-12-19T09:43:24Z,escooter,52.508765,13.497643, 52.507982, 13.498232
6d1b7886-0f6d-4981-b71a-1e0078d4823c,2021-12-19T15:45:36Z,escooter,52.508663,13.497405, 52.507982, 13.496632
052da087-e38e-41a6-b863-681ff8420ec6,2021-12-19T15:42:45Z,escooter,52.510302,13.499333, 52.510582, 13.499832
d29bc69f-4416-4202-a224-3a3b85894568,2021-12-19T15:45:11Z,escooter,52.508203,13.495939, 52.507982, 13.495032
96cff0c4-cc36-4fb4-961f-796ad06ef950,2021-12-19T15:45:15Z,escooter,52.508765,13.497643, 52.507982, 13.498232
c3727a54-74dd-4df4-b3a8-9e9959d85d42,2021-12-19T15:40:33Z,escooter,52.508182,13.495725, 52.507982, 13.495032
657eb0d2-2b47-4024-8e2d-5f6722bc9952,2021-12-19T15:46:24Z,escooter,52.508046,13.498906, 52.507982, 13.498232
6d1b7886-0f6d-4981-b71a-1e0078d4823c,2021-12-19T17:45:43Z,escooter,52.508663,13.497405, 52.507982, 13.496632
052da087-e38e-41a6-b863-681ff8420ec6,2021-12-19T17:42:52Z,escooter,52.510302,13.499333, 52.510582, 13.499832
d29bc69f-4416-4202-a224-3a3b85894568,2021-12-19T17:45:18Z,escooter,52.508203,13.495939, 52.507982, 13.495032
96cff0c4-cc36-4fb4-961f-796ad06ef950,2021-12-19T17:45:23Z,escooter,52.508765,13.497643, 52.507982, 13.498232
6efe6b7a-9df5-4870-97e4-87a00848d406,2021-12-19T17:42:22Z,escooter,52.508565,13.497517, 52.507982, 13.496632
657eb0d2-2b47-4024-8e2d-5f6722bc9952,2021-12-19T17:36:30Z,escooter,52.508046,13.498906, 52.507982, 13.498232
c3727a54-74dd-4df4-b3a8-9e9959d85d42,2021-12-19T17:39:51Z,escooter,52.508182,13.495725, 52.507982, 13.495032
c3727a54-74dd-4df4-b3a8-9e9959d85d42,2021-12-19T18:45:53Z,escooter,52.5082,13.49592, 52.507982, 13.495032
51ac1eee-b186-4638-9dad-3e96a03c9056,2021-12-19T18:46:34Z,escooter,52.509131,13.497281, 52.509282, 13.496632
657eb0d2-2b47-4024-8e2d-5f6722bc9952,2021-12-19T18:46:35Z,escooter,52.508046,13.498906, 52.507982, 13.498232
6efe6b7a-9df5-4870-97e4-87a00848d406,2021-12-19T18:42:25Z,escooter,52.508559,13.49752, 52.507982, 13.496632
6d1b7886-0f6d-4981-b71a-1e0078d4823c,2021-12-19T18:45:47Z,escooter,52.508663,13.497405, 52.507982, 13.496632
d29bc69f-4416-4202-a224-3a3b85894568,2021-12-19T18:45:22Z,escooter,52.508203,13.495939, 52.507982, 13.495032
96cff0c4-cc36-4fb4-961f-796ad06ef950,2021-12-19T18:45:26Z,escooter,52.508765,13.497643, 52.507982, 13.498232
58a340bd-008d-4976-9448-7b0f6b309322,2021-12-18T06:50:38Z,escooter,52.509694,13.497858, 52.509282, 13.498232
d657eaec-c4e2-4985-987f-ce7d80cbc963,2021-12-18T06:50:20Z,escooter,52.508842,13.497533, 52.507982, 13.496632
d657eaec-c4e2-4985-987f-ce7d80cbc963,2021-12-18T07:30:22Z,escooter,52.508842,13.497533, 52.507982, 13.496632
58a340bd-008d-4976-9448-7b0f6b309322,2021-12-18T07:30:40Z,escooter,52.509694,13.497858, 52.509282, 13.498232
58a340bd-008d-4976-9448-7b0f6b309322,2021-12-18T08:40:44Z,escooter,52.509694,13.497858, 52.509282, 13.498232
d657eaec-c4e2-4985-987f-ce7d80cbc963,2021-12-18T08:40:27Z,escooter,52.508842,13.497533, 52.507982, 13.496632
58a340bd-008d-4976-9448-7b0f6b309322,2021-12-18T09:40:48Z,escooter,52.509694,13.497858, 52.509282, 13.498232
7ec6cd93-b8cb-4e1f-8741-8916365c07ae,2021-12-18T09:39:20Z,escooter,52.509878,13.500228, 52.509282, 13.499832
d657eaec-c4e2-4985-987f-ce7d80cbc963,2021-12-18T09:40:30Z,escooter,52.508842,13.497533, 52.507982, 13.496632
7ec6cd93-b8cb-4e1f-8741-8916365c07ae,2021-12-18T15:39:42Z,escooter,52.509878,13.500228, 52.509282, 13.499832
c3727a54-74dd-4df4-b3a8-9e9959d85d42,2021-12-18T15:41:39Z,escooter,52.508227,13.495724, 52.507982, 13.495032
029748d9-25cc-4a16-bf07-759037c9af23,2021-12-18T15:45:53Z,escooter,52.508659,13.497414, 52.507982, 13.496632
d29bc69f-4416-4202-a224-3a3b85894568,2021-12-18T15:43:43Z,escooter,52.508203,13.495939, 52.507982, 13.495032
b689ba55-5e12-4a28-a5d9-e1d96fac2d36,2021-12-18T15:46:31Z,escooter,52.509701,13.498022, 52.509282, 13.498232
b689ba55-5e12-4a28-a5d9-e1d96fac2d36,2021-12-18T17:40:15Z,escooter,52.509701,13.498022, 52.509282, 13.498232
c3727a54-74dd-4df4-b3a8-9e9959d85d42,2021-12-18T17:41:10Z,escooter,52.508252,13.495679, 52.507982, 13.495032
d29bc69f-4416-4202-a224-3a3b85894568,2021-12-18T17:43:51Z,escooter,52.508203,13.495939, 52.507982, 13.495032
7ec6cd93-b8cb-4e1f-8741-8916365c07ae,2021-12-18T17:39:49Z,escooter,52.509878,13.500228, 52.509282, 13.499832
029748d9-25cc-4a16-bf07-759037c9af23,2021-12-18T17:46:01Z,escooter,52.508659,13.497414, 52.507982, 13.496632
c3727a54-74dd-4df4-b3a8-9e9959d85d42,2021-12-18T17:54:32Z,escooter,52.508205,13.495815, 52.507982, 13.495032
b689ba55-5e12-4a28-a5d9-e1d96fac2d36,2021-12-18T18:46:42Z,escooter,52.509701,13.498022, 52.509282, 13.498232
d29bc69f-4416-4202-a224-3a3b85894568,2021-12-18T18:46:42Z,escooter,52.508203,13.495939, 52.507982, 13.495032
029748d9-25cc-4a16-bf07-759037c9af23,2021-12-18T18:46:04Z,escooter,52.508659,13.497414, 52.507982, 13.496632
8a076557-b407-42fe-ad34-754201633dd8,2021-12-17T06:46:54Z,escooter,52.508122,13.49647, 52.507982, 13.496632
dc9eb041-475e-4c1c-920d-6dd60bce38bf,2021-12-17T06:49:16Z,escooter,52.510315,13.499713, 52.510582, 13.499832
d657eaec-c4e2-4985-987f-ce7d80cbc963,2021-12-17T06:48:53Z,escooter,52.509579,13.498738, 52.509282, 13.498232
029748d9-25cc-4a16-bf07-759037c9af23,2021-12-17T06:43:54Z,escooter,52.509245,13.497811, 52.509282, 13.498232
f130c932-ee71-4ab5-99c0-e29493e74400,2021-12-17T06:48:59Z,escooter,52.509962,13.500112, 52.509282, 13.499832
8a076557-b407-42fe-ad34-754201633dd8,2021-12-17T07:36:57Z,escooter,52.508122,13.49647, 52.507982, 13.496632
dc9eb041-475e-4c1c-920d-6dd60bce38bf,2021-12-17T07:39:19Z,escooter,52.510315,13.499713, 52.510582, 13.499832
f130c932-ee71-4ab5-99c0-e29493e74400,2021-12-17T07:39:02Z,escooter,52.509962,13.500112, 52.509282, 13.499832
029748d9-25cc-4a16-bf07-759037c9af23,2021-12-17T07:35:14Z,escooter,52.509245,13.497811, 52.509282, 13.498232
d657eaec-c4e2-4985-987f-ce7d80cbc963,2021-12-17T07:38:57Z,escooter,52.509579,13.498738, 52.509282, 13.498232
029748d9-25cc-4a16-bf07-759037c9af23,2021-12-17T08:44:02Z,escooter,52.509245,13.497811, 52.509282, 13.498232
d657eaec-c4e2-4985-987f-ce7d80cbc963,2021-12-17T08:39:00Z,escooter,52.509579,13.498738, 52.509282, 13.498232
dc9eb041-475e-4c1c-920d-6dd60bce38bf,2021-12-17T08:43:08Z,escooter,52.510315,13.499713, 52.510582, 13.499832
f130c932-ee71-4ab5-99c0-e29493e74400,2021-12-17T08:43:12Z,escooter,52.509962,13.500112, 52.509282, 13.499832
8a076557-b407-42fe-ad34-754201633dd8,2021-12-17T08:37:01Z,escooter,52.508122,13.49647, 52.507982, 13.496632
552e17a5-2eea-4011-ba9f-494dd45e7af1,2021-12-17T09:41:39Z,escooter,52.509217,13.497508, 52.509282, 13.496632
d657eaec-c4e2-4985-987f-ce7d80cbc963,2021-12-17T09:42:56Z,escooter,52.509579,13.498738, 52.509282, 13.498232
e6a7f8da-0ceb-4f42-9afa-19e192764d56,2021-12-17T09:39:21Z,escooter,52.509252,13.497975, 52.509282, 13.498232
f130c932-ee71-4ab5-99c0-e29493e74400,2021-12-17T09:39:09Z,escooter,52.509962,13.500112, 52.509282, 13.499832
8a076557-b407-42fe-ad34-754201633dd8,2021-12-17T09:37:05Z,escooter,52.508122,13.49647, 52.507982, 13.496632
029748d9-25cc-4a16-bf07-759037c9af23,2021-12-17T09:39:14Z,escooter,52.509245,13.497811, 52.509282, 13.498232
dc9eb041-475e-4c1c-920d-6dd60bce38bf,2021-12-17T09:39:26Z,escooter,52.510315,13.499713, 52.510582, 13.499832
dc9eb041-475e-4c1c-920d-6dd60bce38bf,2021-12-17T15:39:47Z,escooter,52.510315,13.499713, 52.510582, 13.499832
e6a7f8da-0ceb-4f42-9afa-19e192764d56,2021-12-17T15:44:19Z,escooter,52.509202,13.497465, 52.509282, 13.496632
b78b1333-b1a4-415c-80c2-1054e4ac2728,2021-12-17T15:38:33Z,escooter,52.509934,13.497916, 52.509282, 13.498232
d657eaec-c4e2-4985-987f-ce7d80cbc963,2021-12-17T15:39:25Z,escooter,52.509579,13.498738, 52.509282, 13.498232
f130c932-ee71-4ab5-99c0-e29493e74400,2021-12-17T15:39:31Z,escooter,52.509962,13.500112, 52.509282, 13.499832
58a340bd-008d-4976-9448-7b0f6b309322,2021-12-17T15:39:43Z,escooter,52.509694,13.497858, 52.509282, 13.498232
8a076557-b407-42fe-ad34-754201633dd8,2021-12-17T15:47:27Z,escooter,52.508122,13.49647, 52.507982, 13.496632
dc9eb041-475e-4c1c-920d-6dd60bce38bf,2021-12-17T17:43:08Z,escooter,52.510315,13.499713, 52.510582, 13.499832
e6a7f8da-0ceb-4f42-9afa-19e192764d56,2021-12-17T17:44:29Z,escooter,52.509202,13.497465, 52.509282, 13.496632
b0ddc3fc-c915-412a-8ef9-1e2c54f90ded,2021-12-17T17:46:15Z,escooter,52.509919,13.497868, 52.509282, 13.498232
d657eaec-c4e2-4985-987f-ce7d80cbc963,2021-12-17T17:39:33Z,escooter,52.509579,13.498738, 52.509282, 13.498232
58a340bd-008d-4976-9448-7b0f6b309322,2021-12-17T17:39:50Z,escooter,52.509694,13.497858, 52.509282, 13.498232
f130c932-ee71-4ab5-99c0-e29493e74400,2021-12-17T17:43:09Z,escooter,52.509962,13.500112, 52.509282, 13.499832
94eadd5e-0cc3-41f1-a1ec-95e0d2735309,2021-12-17T17:46:00Z,escooter,52.510315,13.499632, 52.510582, 13.499832
94eadd5e-0cc3-41f1-a1ec-95e0d2735309,2021-12-17T18:40:25Z,escooter,52.510315,13.499634, 52.510582, 13.499832
58a340bd-008d-4976-9448-7b0f6b309322,2021-12-17T18:39:53Z,escooter,52.509694,13.497858, 52.509282, 13.498232
dc9eb041-475e-4c1c-920d-6dd60bce38bf,2021-12-17T18:39:58Z,escooter,52.510315,13.499713, 52.510582, 13.499832
b0ddc3fc-c915-412a-8ef9-1e2c54f90ded,2021-12-17T18:46:19Z,escooter,52.509919,13.497868, 52.509282, 13.498232
f130c932-ee71-4ab5-99c0-e29493e74400,2021-12-17T18:47:10Z,escooter,52.509962,13.500112, 52.509282, 13.499832
d657eaec-c4e2-4985-987f-ce7d80cbc963,2021-12-17T18:46:56Z,escooter,52.509579,13.498738, 52.509282, 13.498232
e6a7f8da-0ceb-4f42-9afa-19e192764d56,2021-12-17T18:44:32Z,escooter,52.509202,13.497465, 52.509282, 13.496632
d250b4cc-a297-40d2-a54a-1b465fe699e6,2021-12-17T18:45:20Z,escooter,52.510306,13.49968, 52.510582, 13.499832
595449dc-59b8-400c-9d8c-ae03cab9163b,2021-12-16T06:45:49Z,escooter,52.510323,13.499729, 52.510582, 13.499832
3a590751-72a3-4f8b-90cb-d7f638b5756e,2021-12-16T06:48:13Z,escooter,52.510272,13.499283, 52.509282, 13.499832
552e17a5-2eea-4011-ba9f-494dd45e7af1,2021-12-16T06:50:02Z,escooter,52.510325,13.499315, 52.510582, 13.499832
71bbaa4a-0a28-4295-8f35-74981cc057e8,2021-12-16T06:48:52Z,escooter,52.510193,13.499248, 52.509282, 13.499832
71bbaa4a-0a28-4295-8f35-74981cc057e8,2021-12-16T07:32:33Z,escooter,52.510193,13.499248, 52.509282, 13.499832
552e17a5-2eea-4011-ba9f-494dd45e7af1,2021-12-16T07:40:05Z,escooter,52.510325,13.499315, 52.510582, 13.499832
595449dc-59b8-400c-9d8c-ae03cab9163b,2021-12-16T07:35:53Z,escooter,52.510323,13.499729, 52.510582, 13.499832
3a590751-72a3-4f8b-90cb-d7f638b5756e,2021-12-16T07:38:16Z,escooter,52.510272,13.499283, 52.509282, 13.499832
552e17a5-2eea-4011-ba9f-494dd45e7af1,2021-12-16T08:40:09Z,escooter,52.510325,13.499315, 52.510582, 13.499832
595449dc-59b8-400c-9d8c-ae03cab9163b,2021-12-16T08:45:57Z,escooter,52.510323,13.499729, 52.510582, 13.499832
3a590751-72a3-4f8b-90cb-d7f638b5756e,2021-12-16T08:42:31Z,escooter,52.510272,13.499283, 52.509282, 13.499832
71bbaa4a-0a28-4295-8f35-74981cc057e8,2021-12-16T08:42:37Z,escooter,52.510193,13.499248, 52.509282, 13.499832
595449dc-59b8-400c-9d8c-ae03cab9163b,2021-12-16T09:36:00Z,escooter,52.510323,13.499729, 52.510582, 13.499832
3a590751-72a3-4f8b-90cb-d7f638b5756e,2021-12-16T09:38:31Z,escooter,52.510272,13.499283, 52.509282, 13.499832
71bbaa4a-0a28-4295-8f35-74981cc057e8,2021-12-16T09:42:41Z,escooter,52.510193,13.499248, 52.509282, 13.499832
552e17a5-2eea-4011-ba9f-494dd45e7af1,2021-12-16T09:40:12Z,escooter,52.510325,13.499315, 52.510582, 13.499832
7ec6cd93-b8cb-4e1f-8741-8916365c07ae,2021-12-16T15:46:48Z,escooter,52.509135,13.497887, 52.509282, 13.498232
552e17a5-2eea-4011-ba9f-494dd45e7af1,2021-12-16T15:46:28Z,escooter,52.510325,13.499315, 52.510582, 13.499832
d657eaec-c4e2-4985-987f-ce7d80cbc963,2021-12-16T15:38:55Z,escooter,52.509579,13.498738, 52.509282, 13.498232
595449dc-59b8-400c-9d8c-ae03cab9163b,2021-12-16T15:46:22Z,escooter,52.510323,13.499729, 52.510582, 13.499832
8a076557-b407-42fe-ad34-754201633dd8,2021-12-16T15:46:00Z,escooter,52.508122,13.49647, 52.507982, 13.496632
3a590751-72a3-4f8b-90cb-d7f638b5756e,2021-12-16T15:38:45Z,escooter,52.509701,13.497804, 52.509282, 13.498232
d657eaec-c4e2-4985-987f-ce7d80cbc963,2021-12-16T17:38:06Z,escooter,52.509579,13.498738, 52.509282, 13.498232
552e17a5-2eea-4011-ba9f-494dd45e7af1,2021-12-16T17:40:41Z,escooter,52.510325,13.499315, 52.510582, 13.499832
a31beba0-a9ab-491a-a688-7aeaedcd4912,2021-12-16T17:45:56Z,escooter,52.508778,13.497475, 52.507982, 13.496632
8a076557-b407-42fe-ad34-754201633dd8,2021-12-16T17:46:07Z,escooter,52.508122,13.49647, 52.507982, 13.496632
3a590751-72a3-4f8b-90cb-d7f638b5756e,2021-12-16T17:38:53Z,escooter,52.509701,13.497804, 52.509282, 13.498232
3a590751-72a3-4f8b-90cb-d7f638b5756e,2021-12-16T18:45:36Z,escooter,52.509701,13.497804, 52.509282, 13.498232
552e17a5-2eea-4011-ba9f-494dd45e7af1,2021-12-16T18:42:29Z,escooter,52.510325,13.499315, 52.510582, 13.499832
155a87db-f87f-465a-83ac-f677c9e0434a,2021-12-16T18:44:10Z,escooter,52.510033,13.498092, 52.509282, 13.498232
8a076557-b407-42fe-ad34-754201633dd8,2021-12-16T18:46:11Z,escooter,52.508122,13.49647, 52.507982, 13.496632
d657eaec-c4e2-4985-987f-ce7d80cbc963,2021-12-16T18:48:10Z,escooter,52.509579,13.498738, 52.509282, 13.498232
87910259-b804-47fd-be05-b7a1e69e9b51,2021-12-15T06:44:48Z,escooter,52.510296,13.499291, 52.510582, 13.499832
77c8e3a7-e96d-4bf7-b9f0-f4b1f1fa6351,2021-12-15T06:46:40Z,escooter,52.510038,13.498002, 52.509282, 13.498232
a4afaea3-2a63-4548-aa19-07bd63b0dd65,2021-12-15T06:49:17Z,escooter,52.509937,13.498068, 52.509282, 13.498232
552e17a5-2eea-4011-ba9f-494dd45e7af1,2021-12-15T06:48:36Z,escooter,52.510325,13.499315, 52.510582, 13.499832
b6021e22-8aa5-4c25-89dd-4272a0509545,2021-12-15T06:48:37Z,escooter,52.508899,13.497476, 52.507982, 13.496632
cc60a5f7-eedf-40f5-adfc-0326b4272b66,2021-12-15T06:48:45Z,escooter,52.510236,13.499291, 52.509282, 13.499832
71bbaa4a-0a28-4295-8f35-74981cc057e8,2021-12-15T06:41:03Z,escooter,52.510193,13.499248, 52.509282, 13.499832
595449dc-59b8-400c-9d8c-ae03cab9163b,2021-12-15T06:44:23Z,escooter,52.510323,13.499729, 52.510582, 13.499832
b6021e22-8aa5-4c25-89dd-4272a0509545,2021-12-15T07:38:20Z,escooter,52.508899,13.497476, 52.507982, 13.496632
87910259-b804-47fd-be05-b7a1e69e9b51,2021-12-15T07:36:43Z,escooter,52.510296,13.499291, 52.510582, 13.499832
71bbaa4a-0a28-4295-8f35-74981cc057e8,2021-12-15T07:31:06Z,escooter,52.510193,13.499248, 52.509282, 13.499832
595449dc-59b8-400c-9d8c-ae03cab9163b,2021-12-15T07:34:26Z,escooter,52.510323,13.499729, 52.510582, 13.499832
cc60a5f7-eedf-40f5-adfc-0326b4272b66,2021-12-15T07:38:48Z,escooter,52.510235,13.499295, 52.509282, 13.499832
552e17a5-2eea-4011-ba9f-494dd45e7af1,2021-12-15T07:38:39Z,escooter,52.510325,13.499315, 52.510582, 13.499832
77c8e3a7-e96d-4bf7-b9f0-f4b1f1fa6351,2021-12-15T07:30:58Z,escooter,52.510038,13.498002, 52.509282, 13.498232
a4afaea3-2a63-4548-aa19-07bd63b0dd65,2021-12-15T07:39:20Z,escooter,52.509937,13.498068, 52.509282, 13.498232
71bbaa4a-0a28-4295-8f35-74981cc057e8,2021-12-15T08:41:10Z,escooter,52.510193,13.499248, 52.509282, 13.499832
cc60a5f7-eedf-40f5-adfc-0326b4272b66,2021-12-15T08:38:52Z,escooter,52.510235,13.499295, 52.509282, 13.499832
595449dc-59b8-400c-9d8c-ae03cab9163b,2021-12-15T08:44:30Z,escooter,52.510323,13.499729, 52.510582, 13.499832
87910259-b804-47fd-be05-b7a1e69e9b51,2021-12-15T08:44:55Z,escooter,52.510296,13.499291, 52.510582, 13.499832
77c8e3a7-e96d-4bf7-b9f0-f4b1f1fa6351,2021-12-15T08:41:02Z,escooter,52.510038,13.498002, 52.509282, 13.498232
b6021e22-8aa5-4c25-89dd-4272a0509545,2021-12-15T08:38:24Z,escooter,52.508899,13.497476, 52.507982, 13.496632
a4afaea3-2a63-4548-aa19-07bd63b0dd65,2021-12-15T08:39:24Z,escooter,52.509937,13.498068, 52.509282, 13.498232
552e17a5-2eea-4011-ba9f-494dd45e7af1,2021-12-15T08:38:42Z,escooter,52.510325,13.499315, 52.510582, 13.499832
71bbaa4a-0a28-4295-8f35-74981cc057e8,2021-12-15T09:41:14Z,escooter,52.510193,13.499248, 52.509282, 13.499832
87910259-b804-47fd-be05-b7a1e69e9b51,2021-12-15T09:34:58Z,escooter,52.510296,13.499291, 52.510582, 13.499832
552e17a5-2eea-4011-ba9f-494dd45e7af1,2021-12-15T09:38:46Z,escooter,52.510325,13.499315, 52.510582, 13.499832
cc60a5f7-eedf-40f5-adfc-0326b4272b66,2021-12-15T09:38:55Z,escooter,52.510235,13.499295, 52.509282, 13.499832
77c8e3a7-e96d-4bf7-b9f0-f4b1f1fa6351,2021-12-15T09:41:06Z,escooter,52.510038,13.498002, 52.509282, 13.498232
b6021e22-8aa5-4c25-89dd-4272a0509545,2021-12-15T09:40:37Z,escooter,52.508899,13.497476, 52.507982, 13.496632
595449dc-59b8-400c-9d8c-ae03cab9163b,2021-12-15T09:34:33Z,escooter,52.510323,13.499729, 52.510582, 13.499832
a4afaea3-2a63-4548-aa19-07bd63b0dd65,2021-12-15T09:39:28Z,escooter,52.509937,13.498068, 52.509282, 13.498232
595449dc-59b8-400c-9d8c-ae03cab9163b,2021-12-15T15:44:55Z,escooter,52.510323,13.499729, 52.510582, 13.499832
552e17a5-2eea-4011-ba9f-494dd45e7af1,2021-12-15T15:39:08Z,escooter,52.510325,13.499315, 52.510582, 13.499832
cc60a5f7-eedf-40f5-adfc-0326b4272b66,2021-12-15T15:39:17Z,escooter,52.510235,13.499295, 52.509282, 13.499832
71bbaa4a-0a28-4295-8f35-74981cc057e8,2021-12-15T15:41:36Z,escooter,52.510193,13.499248, 52.509282, 13.499832
87910259-b804-47fd-be05-b7a1e69e9b51,2021-12-15T15:45:21Z,escooter,52.510296,13.499291, 52.510582, 13.499832
0a54af96-22c8-457e-96ab-13acc45cc80b,2021-12-15T15:43:57Z,escooter,52.5092,13.497708, 52.509282, 13.498232
71bbaa4a-0a28-4295-8f35-74981cc057e8,2021-12-15T17:41:43Z,escooter,52.510193,13.499248, 52.509282, 13.499832
552e17a5-2eea-4011-ba9f-494dd45e7af1,2021-12-15T17:39:15Z,escooter,52.510325,13.499315, 52.510582, 13.499832
595449dc-59b8-400c-9d8c-ae03cab9163b,2021-12-15T17:45:02Z,escooter,52.510323,13.499729, 52.510582, 13.499832
0a54af96-22c8-457e-96ab-13acc45cc80b,2021-12-15T17:44:05Z,escooter,52.509195,13.49769, 52.509282, 13.496632
87910259-b804-47fd-be05-b7a1e69e9b51,2021-12-15T17:45:28Z,escooter,52.510296,13.499291, 52.510582, 13.499832
cc60a5f7-eedf-40f5-adfc-0326b4272b66,2021-12-15T17:39:24Z,escooter,52.510235,13.499295, 52.509282, 13.499832
552e17a5-2eea-4011-ba9f-494dd45e7af1,2021-12-15T18:39:19Z,escooter,52.510325,13.499315, 52.510582, 13.499832
595449dc-59b8-400c-9d8c-ae03cab9163b,2021-12-15T18:45:06Z,escooter,52.510323,13.499729, 52.510582, 13.499832
cc60a5f7-eedf-40f5-adfc-0326b4272b66,2021-12-15T18:39:27Z,escooter,52.510235,13.499295, 52.509282, 13.499832
71bbaa4a-0a28-4295-8f35-74981cc057e8,2021-12-15T18:41:46Z,escooter,52.510193,13.499248, 52.509282, 13.499832
87910259-b804-47fd-be05-b7a1e69e9b51,2021-12-15T18:45:32Z,escooter,52.510296,13.499291, 52.510582, 13.499832
fae6e5a8-2a99-444b-9a65-470109b5a911,2021-12-15T18:46:43Z,escooter,52.51034,13.499251, 52.510582, 13.499832
0a54af96-22c8-457e-96ab-13acc45cc80b,2021-12-15T18:48:06Z,escooter,52.509195,13.49769, 52.509282, 13.496632
cc60a5f7-eedf-40f5-adfc-0326b4272b66,2021-12-14T06:47:19Z,escooter,52.510274,13.499298, 52.509282, 13.499832
bae34df9-c0ba-42ab-aa95-9f9a258518a0,2021-12-14T06:45:01Z,escooter,52.510298,13.49918, 52.510582, 13.498232
71bbaa4a-0a28-4295-8f35-74981cc057e8,2021-12-14T06:39:36Z,escooter,52.510193,13.499248, 52.509282, 13.499832
a4afaea3-2a63-4548-aa19-07bd63b0dd65,2021-12-14T06:47:51Z,escooter,52.510263,13.499263, 52.509282, 13.499832
b6021e22-8aa5-4c25-89dd-4272a0509545,2021-12-14T06:46:50Z,escooter,52.508899,13.497476, 52.507982, 13.496632
bae34df9-c0ba-42ab-aa95-9f9a258518a0,2021-12-14T07:35:04Z,escooter,52.510298,13.49918, 52.510582, 13.498232
cc60a5f7-eedf-40f5-adfc-0326b4272b66,2021-12-14T07:37:22Z,escooter,52.510274,13.499298, 52.509282, 13.499832
b6021e22-8aa5-4c25-89dd-4272a0509545,2021-12-14T07:36:53Z,escooter,52.508899,13.497476, 52.507982, 13.496632
a4afaea3-2a63-4548-aa19-07bd63b0dd65,2021-12-14T07:37:54Z,escooter,52.510263,13.499263, 52.509282, 13.499832
71bbaa4a-0a28-4295-8f35-74981cc057e8,2021-12-14T07:39:40Z,escooter,52.510193,13.499248, 52.509282, 13.499832
b6021e22-8aa5-4c25-89dd-4272a0509545,2021-12-14T08:36:56Z,escooter,52.508899,13.497476, 52.507982, 13.496632
a4afaea3-2a63-4548-aa19-07bd63b0dd65,2021-12-14T08:37:57Z,escooter,52.510263,13.499263, 52.509282, 13.499832
bae34df9-c0ba-42ab-aa95-9f9a258518a0,2021-12-14T08:45:08Z,escooter,52.510298,13.49918, 52.510582, 13.498232
71bbaa4a-0a28-4295-8f35-74981cc057e8,2021-12-14T08:40:54Z,escooter,52.510193,13.499248, 52.509282, 13.499832
cc60a5f7-eedf-40f5-adfc-0326b4272b66,2021-12-14T08:37:26Z,escooter,52.510274,13.499298, 52.509282, 13.499832
fae6e5a8-2a99-444b-9a65-470109b5a911,2021-12-14T08:44:41Z,escooter,52.509851,13.497889, 52.509282, 13.498232
a4afaea3-2a63-4548-aa19-07bd63b0dd65,2021-12-14T09:38:01Z,escooter,52.510263,13.499263, 52.509282, 13.499832
bae34df9-c0ba-42ab-aa95-9f9a258518a0,2021-12-14T09:35:11Z,escooter,52.510298,13.49918, 52.510582, 13.498232
71bbaa4a-0a28-4295-8f35-74981cc057e8,2021-12-14T09:39:47Z,escooter,52.510193,13.499248, 52.509282, 13.499832
cc60a5f7-eedf-40f5-adfc-0326b4272b66,2021-12-14T09:37:29Z,escooter,52.510274,13.499298, 52.509282, 13.499832
b6021e22-8aa5-4c25-89dd-4272a0509545,2021-12-14T09:37:00Z,escooter,52.508899,13.497476, 52.507982, 13.496632
fae6e5a8-2a99-444b-9a65-470109b5a911,2021-12-14T09:34:44Z,escooter,52.50986,13.497903, 52.509282, 13.498232
a4afaea3-2a63-4548-aa19-07bd63b0dd65,2021-12-14T12:28:11Z,escooter,52.510263,13.499263, 52.509282, 13.499832
b6021e22-8aa5-4c25-89dd-4272a0509545,2021-12-14T12:27:10Z,escooter,52.508899,13.497476, 52.507982, 13.496632
cc60a5f7-eedf-40f5-adfc-0326b4272b66,2021-12-14T12:27:40Z,escooter,52.510274,13.499298, 52.509282, 13.499832
71bbaa4a-0a28-4295-8f35-74981cc057e8,2021-12-14T12:29:57Z,escooter,52.510193,13.499248, 52.509282, 13.499832
fae6e5a8-2a99-444b-9a65-470109b5a911,2021-12-14T12:34:55Z,escooter,52.50986,13.497903, 52.509282, 13.498232
71bbaa4a-0a28-4295-8f35-74981cc057e8,2021-12-14T15:40:09Z,escooter,52.510193,13.499248, 52.509282, 13.499832
cc60a5f7-eedf-40f5-adfc-0326b4272b66,2021-12-14T15:37:51Z,escooter,52.510274,13.499298, 52.509282, 13.499832
b6021e22-8aa5-4c25-89dd-4272a0509545,2021-12-14T15:37:22Z,escooter,52.508899,13.497476, 52.507982, 13.496632
a4afaea3-2a63-4548-aa19-07bd63b0dd65,2021-12-14T15:38:23Z,escooter,52.510263,13.499263, 52.509282, 13.499832
595449dc-59b8-400c-9d8c-ae03cab9163b,2021-12-14T15:43:29Z,escooter,52.510323,13.499729, 52.510582, 13.499832
a4afaea3-2a63-4548-aa19-07bd63b0dd65,2021-12-14T17:38:30Z,escooter,52.510263,13.499263, 52.509282, 13.499832
b6021e22-8aa5-4c25-89dd-4272a0509545,2021-12-14T17:40:18Z,escooter,52.508899,13.497476, 52.507982, 13.496632
71bbaa4a-0a28-4295-8f35-74981cc057e8,2021-12-14T17:40:16Z,escooter,52.510193,13.499248, 52.509282, 13.499832
595449dc-59b8-400c-9d8c-ae03cab9163b,2021-12-14T17:33:35Z,escooter,52.510323,13.499729, 52.510582, 13.499832
cc60a5f7-eedf-40f5-adfc-0326b4272b66,2021-12-14T17:37:58Z,escooter,52.510274,13.499298, 52.509282, 13.499832
71bbaa4a-0a28-4295-8f35-74981cc057e8,2021-12-14T18:40:20Z,escooter,52.510193,13.499248, 52.509282, 13.499832
cc60a5f7-eedf-40f5-adfc-0326b4272b66,2021-12-14T18:48:02Z,escooter,52.510274,13.499298, 52.509282, 13.499832
b6021e22-8aa5-4c25-89dd-4272a0509545,2021-12-14T18:47:33Z,escooter,52.508899,13.497476, 52.507982, 13.496632
595449dc-59b8-400c-9d8c-ae03cab9163b,2021-12-14T18:43:39Z,escooter,52.510323,13.499729, 52.510582, 13.499832
a4afaea3-2a63-4548-aa19-07bd63b0dd65,2021-12-14T18:48:34Z,escooter,52.510263,13.499263, 52.509282, 13.499832
1ad67dde-f64a-4f7e-87b8-207ee8892114,2021-12-13T11:11:23Z,escooter,52.507992,13.497165, 52.507982, 13.496632
5b96967e-1c7d-483c-b053-075875cb7851,2021-12-13T11:11:05Z,escooter,52.51026,13.499302, 52.509282, 13.499832
5d750659-184e-4770-9442-44e4e43c7043,2021-12-13T11:15:10Z,escooter,52.509057,13.497724, 52.509282, 13.498232
906376fc-3fcc-44e9-a7e1-d2618f38eaeb,2021-12-13T11:13:55Z,escooter,52.510022,13.499678, 52.509282, 13.499832
1ad67dde-f64a-4f7e-87b8-207ee8892114,2021-12-13T12:41:28Z,escooter,52.507992,13.497165, 52.507982, 13.496632
5d750659-184e-4770-9442-44e4e43c7043,2021-12-13T12:45:16Z,escooter,52.509057,13.497724, 52.509282, 13.498232
5b96967e-1c7d-483c-b053-075875cb7851,2021-12-13T12:41:11Z,escooter,52.51026,13.499302, 52.509282, 13.499832
906376fc-3fcc-44e9-a7e1-d2618f38eaeb,2021-12-13T12:44:00Z,escooter,52.510022,13.499678, 52.509282, 13.499832
5d750659-184e-4770-9442-44e4e43c7043,2021-12-13T13:35:37Z,escooter,52.509057,13.497724, 52.509282, 13.498232
1ad67dde-f64a-4f7e-87b8-207ee8892114,2021-12-13T13:31:31Z,escooter,52.507992,13.497165, 52.507982, 13.496632
906376fc-3fcc-44e9-a7e1-d2618f38eaeb,2021-12-13T13:36:58Z,escooter,52.510022,13.499678, 52.509282, 13.499832
5b96967e-1c7d-483c-b053-075875cb7851,2021-12-13T13:36:37Z,escooter,52.51026,13.499302, 52.509282, 13.499832
1ad67dde-f64a-4f7e-87b8-207ee8892114,2021-12-13T15:41:39Z,escooter,52.507992,13.497165, 52.507982, 13.496632
5d750659-184e-4770-9442-44e4e43c7043,2021-12-13T15:45:26Z,escooter,52.509057,13.497724, 52.509282, 13.498232
906376fc-3fcc-44e9-a7e1-d2618f38eaeb,2021-12-13T15:44:11Z,escooter,52.510022,13.499678, 52.509282, 13.499832
5d750659-184e-4770-9442-44e4e43c7043,2021-12-13T17:45:34Z,escooter,52.509057,13.497724, 52.509282, 13.498232
906376fc-3fcc-44e9-a7e1-d2618f38eaeb,2021-12-13T17:44:18Z,escooter,52.510022,13.499678, 52.509282, 13.499832
906376fc-3fcc-44e9-a7e1-d2618f38eaeb,2021-12-13T18:44:22Z,escooter,52.510022,13.499678, 52.509282, 13.499832
666d21d0-af27-4a89-a790-489b963b7603,2021-12-10T06:47:57Z,escooter,52.508254,13.49909, 52.507982, 13.498232
18520d6c-e354-4db3-941c-097fc8b1f9b9,2021-12-10T06:48:58Z,escooter,52.510252,13.499248, 52.509282, 13.499832
e4d5fc0d-9461-4e67-bbce-852295c7889f,2021-12-10T06:44:43Z,escooter,52.510204,13.498128, 52.509282, 13.498232
68cc98fa-865e-46d8-a652-f3632c382bd6,2021-12-10T06:51:22Z,escooter,52.507869,13.497252, 52.507982, 13.496632
296933b6-7ee1-4ec5-b49b-15e6e170099c,2021-12-10T06:47:13Z,escooter,52.508953,13.497402, 52.507982, 13.496632
44e4baaf-aae5-4f10-9dad-093d51ba1324,2021-12-10T06:47:52Z,escooter,52.507994,13.497233, 52.507982, 13.496632
44e4baaf-aae5-4f10-9dad-093d51ba1324,2021-12-10T07:37:55Z,escooter,52.507994,13.497233, 52.507982, 13.496632
18520d6c-e354-4db3-941c-097fc8b1f9b9,2021-12-10T07:39:01Z,escooter,52.510252,13.499248, 52.509282, 13.499832
666d21d0-af27-4a89-a790-489b963b7603,2021-12-10T07:40:52Z,escooter,52.508254,13.49909, 52.507982, 13.498232
e4d5fc0d-9461-4e67-bbce-852295c7889f,2021-12-10T07:40:02Z,escooter,52.510204,13.498128, 52.509282, 13.498232
296933b6-7ee1-4ec5-b49b-15e6e170099c,2021-12-10T07:37:16Z,escooter,52.508953,13.497402, 52.507982, 13.496632
68cc98fa-865e-46d8-a652-f3632c382bd6,2021-12-10T07:38:53Z,escooter,52.507869,13.497252, 52.507982, 13.496632
44e4baaf-aae5-4f10-9dad-093d51ba1324,2021-12-10T08:38:23Z,escooter,52.507994,13.497233, 52.507982, 13.496632
e4d5fc0d-9461-4e67-bbce-852295c7889f,2021-12-10T08:44:50Z,escooter,52.510204,13.498128, 52.509282, 13.498232
18520d6c-e354-4db3-941c-097fc8b1f9b9,2021-12-10T08:39:04Z,escooter,52.510252,13.499248, 52.509282, 13.499832
296933b6-7ee1-4ec5-b49b-15e6e170099c,2021-12-10T08:47:20Z,escooter,52.508953,13.497402, 52.507982, 13.496632
68cc98fa-865e-46d8-a652-f3632c382bd6,2021-12-10T08:38:56Z,escooter,52.507869,13.497252, 52.507982, 13.496632
666d21d0-af27-4a89-a790-489b963b7603,2021-12-10T08:38:03Z,escooter,52.508254,13.49909, 52.507982, 13.498232
e4d5fc0d-9461-4e67-bbce-852295c7889f,2021-12-10T09:44:53Z,escooter,52.510204,13.498128, 52.509282, 13.498232
666d21d0-af27-4a89-a790-489b963b7603,2021-12-10T09:40:52Z,escooter,52.508254,13.49909, 52.507982, 13.498232
44e4baaf-aae5-4f10-9dad-093d51ba1324,2021-12-10T09:38:02Z,escooter,52.507994,13.497233, 52.507982, 13.496632
68cc98fa-865e-46d8-a652-f3632c382bd6,2021-12-10T09:39:01Z,escooter,52.507869,13.497252, 52.507982, 13.496632
296933b6-7ee1-4ec5-b49b-15e6e170099c,2021-12-10T09:37:23Z,escooter,52.508953,13.497402, 52.507982, 13.496632
18520d6c-e354-4db3-941c-097fc8b1f9b9,2021-12-10T09:39:08Z,escooter,52.510252,13.499248, 52.509282, 13.499832
666d21d0-af27-4a89-a790-489b963b7603,2021-12-10T13:28:21Z,escooter,52.508254,13.49909, 52.507982, 13.498232
296933b6-7ee1-4ec5-b49b-15e6e170099c,2021-12-10T13:27:37Z,escooter,52.508953,13.497402, 52.507982, 13.496632
18520d6c-e354-4db3-941c-097fc8b1f9b9,2021-12-10T13:29:22Z,escooter,52.510252,13.499248, 52.509282, 13.499832
68cc98fa-865e-46d8-a652-f3632c382bd6,2021-12-10T13:29:14Z,escooter,52.507869,13.497252, 52.507982, 13.496632
44e4baaf-aae5-4f10-9dad-093d51ba1324,2021-12-10T13:28:16Z,escooter,52.507994,13.497233, 52.507982, 13.496632
bae34df9-c0ba-42ab-aa95-9f9a258518a0,2021-12-10T13:29:39Z,escooter,52.510243,13.499267, 52.509282, 13.499832
18520d6c-e354-4db3-941c-097fc8b1f9b9,2021-12-10T14:19:25Z,escooter,52.510252,13.499248, 52.509282, 13.499832
bae34df9-c0ba-42ab-aa95-9f9a258518a0,2021-12-10T14:19:41Z,escooter,52.510243,13.499267, 52.509282, 13.499832
44e4baaf-aae5-4f10-9dad-093d51ba1324,2021-12-10T14:18:19Z,escooter,52.507994,13.497233, 52.507982, 13.496632
68cc98fa-865e-46d8-a652-f3632c382bd6,2021-12-10T14:19:17Z,escooter,52.507869,13.497252, 52.507982, 13.496632
296933b6-7ee1-4ec5-b49b-15e6e170099c,2021-12-10T14:17:40Z,escooter,52.508953,13.497402, 52.507982, 13.496632
666d21d0-af27-4a89-a790-489b963b7603,2021-12-10T14:18:24Z,escooter,52.508254,13.49909, 52.507982, 13.498232
296933b6-7ee1-4ec5-b49b-15e6e170099c,2021-12-09T01:25:27Z,escooter,52.508953,13.497402, 52.507982, 13.496632
f9d14a78-098d-43b9-945d-b95b0b4d81a3,2021-12-09T01:26:22Z,escooter,52.508942,13.497476, 52.507982, 13.496632
666d21d0-af27-4a89-a790-489b963b7603,2021-12-09T01:26:10Z,escooter,52.508254,13.49909, 52.507982, 13.498232
b7e6ddce-a33f-4893-bb54-acea4a8553ac,2021-12-09T01:31:37Z,escooter,52.508256,13.495717, 52.507982, 13.495032
296933b6-7ee1-4ec5-b49b-15e6e170099c,2021-12-09T02:47:43Z,escooter,52.508953,13.497402, 52.507982, 13.496632
b7e6ddce-a33f-4893-bb54-acea4a8553ac,2021-12-09T02:44:40Z,escooter,52.508256,13.495717, 52.507982, 13.495032
666d21d0-af27-4a89-a790-489b963b7603,2021-12-09T02:46:15Z,escooter,52.508254,13.49909, 52.507982, 13.498232
296933b6-7ee1-4ec5-b49b-15e6e170099c,2021-12-09T03:25:34Z,escooter,52.508953,13.497402, 52.507982, 13.496632
666d21d0-af27-4a89-a790-489b963b7603,2021-12-09T03:26:18Z,escooter,52.508254,13.49909, 52.507982, 13.498232
b7e6ddce-a33f-4893-bb54-acea4a8553ac,2021-12-09T03:34:43Z,escooter,52.508256,13.495717, 52.507982, 13.495032
296933b6-7ee1-4ec5-b49b-15e6e170099c,2021-12-09T04:35:38Z,escooter,52.508953,13.497402, 52.507982, 13.496632
44e4baaf-aae5-4f10-9dad-093d51ba1324,2021-12-09T04:42:22Z,escooter,52.507945,13.497253, 52.507982, 13.496632
666d21d0-af27-4a89-a790-489b963b7603,2021-12-09T04:36:50Z,escooter,52.508254,13.49909, 52.507982, 13.498232
b7e6ddce-a33f-4893-bb54-acea4a8553ac,2021-12-09T04:44:47Z,escooter,52.508256,13.495717, 52.507982, 13.495032
666d21d0-af27-4a89-a790-489b963b7603,2021-12-09T05:26:25Z,escooter,52.508254,13.49909, 52.507982, 13.498232
b7e6ddce-a33f-4893-bb54-acea4a8553ac,2021-12-09T05:24:49Z,escooter,52.508256,13.495717, 52.507982, 13.495032
44e4baaf-aae5-4f10-9dad-093d51ba1324,2021-12-09T05:26:21Z,escooter,52.507945,13.497253, 52.507982, 13.496632
296933b6-7ee1-4ec5-b49b-15e6e170099c,2021-12-09T05:25:41Z,escooter,52.508953,13.497402, 52.507982, 13.496632
8aeeb23b-1473-4a8d-be01-3a27f3b9b023,2021-12-09T05:27:02Z,escooter,52.509481,13.500075, 52.509282, 13.499832
44e4baaf-aae5-4f10-9dad-093d51ba1324,2021-12-09T06:36:25Z,escooter,52.507945,13.497253, 52.507982, 13.496632
296933b6-7ee1-4ec5-b49b-15e6e170099c,2021-12-09T06:35:46Z,escooter,52.508953,13.497402, 52.507982, 13.496632
b7e6ddce-a33f-4893-bb54-acea4a8553ac,2021-12-09T06:34:54Z,escooter,52.508256,13.495717, 52.507982, 13.495032
666d21d0-af27-4a89-a790-489b963b7603,2021-12-09T06:36:29Z,escooter,52.508254,13.49909, 52.507982, 13.498232
b7e6ddce-a33f-4893-bb54-acea4a8553ac,2021-12-09T07:24:57Z,escooter,52.508256,13.495717, 52.507982, 13.495032
44e4baaf-aae5-4f10-9dad-093d51ba1324,2021-12-09T07:26:28Z,escooter,52.507945,13.497253, 52.507982, 13.496632
296933b6-7ee1-4ec5-b49b-15e6e170099c,2021-12-09T07:25:49Z,escooter,52.508953,13.497402, 52.507982, 13.496632
666d21d0-af27-4a89-a790-489b963b7603,2021-12-09T07:28:51Z,escooter,52.508254,13.49909, 52.507982, 13.498232
b14910de-4c03-42fa-88bb-585be6b54f03,2021-12-09T07:29:45Z,escooter,52.5103,13.498342, 52.510582, 13.498232
44e4baaf-aae5-4f10-9dad-093d51ba1324,2021-12-09T08:36:32Z,escooter,52.507945,13.497253, 52.507982, 13.496632
666d21d0-af27-4a89-a790-489b963b7603,2021-12-09T08:36:37Z,escooter,52.508254,13.49909, 52.507982, 13.498232
296933b6-7ee1-4ec5-b49b-15e6e170099c,2021-12-09T08:35:53Z,escooter,52.508953,13.497402, 52.507982, 13.496632
b7e6ddce-a33f-4893-bb54-acea4a8553ac,2021-12-09T08:35:01Z,escooter,52.508256,13.495717, 52.507982, 13.495032
b14910de-4c03-42fa-88bb-585be6b54f03,2021-12-09T08:37:42Z,escooter,52.510299,13.498339, 52.510582, 13.498232
b7e6ddce-a33f-4893-bb54-acea4a8553ac,2021-12-09T12:45:16Z,escooter,52.508256,13.495717, 52.507982, 13.495032
296933b6-7ee1-4ec5-b49b-15e6e170099c,2021-12-09T12:51:44Z,escooter,52.508953,13.497402, 52.507982, 13.496632
666d21d0-af27-4a89-a790-489b963b7603,2021-12-09T12:46:52Z,escooter,52.508254,13.49909, 52.507982, 13.498232
44e4baaf-aae5-4f10-9dad-093d51ba1324,2021-12-09T12:46:47Z,escooter,52.508023,13.497291, 52.507982, 13.496632
b14910de-4c03-42fa-88bb-585be6b54f03,2021-12-09T12:47:57Z,escooter,52.510299,13.498339, 52.510582, 13.498232
a16de200-f393-460c-bde8-a5de5aa56db5,2021-12-09T12:51:35Z,escooter,52.509514,13.497789, 52.509282, 13.498232
44e4baaf-aae5-4f10-9dad-093d51ba1324,2021-12-09T13:06:48Z,escooter,52.508023,13.497291, 52.507982, 13.496632
b7e6ddce-a33f-4893-bb54-acea4a8553ac,2021-12-09T13:05:17Z,escooter,52.508256,13.495717, 52.507982, 13.495032
296933b6-7ee1-4ec5-b49b-15e6e170099c,2021-12-09T13:06:09Z,escooter,52.508953,13.497402, 52.507982, 13.496632
a16de200-f393-460c-bde8-a5de5aa56db5,2021-12-09T13:07:51Z,escooter,52.509532,13.49781, 52.509282, 13.498232
666d21d0-af27-4a89-a790-489b963b7603,2021-12-09T13:06:53Z,escooter,52.508254,13.49909, 52.507982, 13.498232
b14910de-4c03-42fa-88bb-585be6b54f03,2021-12-09T13:07:58Z,escooter,52.510299,13.498339, 52.510582, 13.498232
44e4baaf-aae5-4f10-9dad-093d51ba1324,2021-12-09T14:16:52Z,escooter,52.508023,13.497291, 52.507982, 13.496632
b14910de-4c03-42fa-88bb-585be6b54f03,2021-12-09T14:18:03Z,escooter,52.510299,13.498339, 52.510582, 13.498232
a16de200-f393-460c-bde8-a5de5aa56db5,2021-12-09T14:23:33Z,escooter,52.509569,13.497824, 52.509282, 13.498232
296933b6-7ee1-4ec5-b49b-15e6e170099c,2021-12-09T14:16:13Z,escooter,52.508953,13.497402, 52.507982, 13.496632
666d21d0-af27-4a89-a790-489b963b7603,2021-12-09T14:16:57Z,escooter,52.508254,13.49909, 52.507982, 13.498232
68cc98fa-865e-46d8-a652-f3632c382bd6,2021-12-09T14:23:21Z,escooter,52.507851,13.497265, 52.507982, 13.496632
666d21d0-af27-4a89-a790-489b963b7603,2021-12-09T15:27:01Z,escooter,52.508254,13.49909, 52.507982, 13.498232
b14910de-4c03-42fa-88bb-585be6b54f03,2021-12-09T15:28:07Z,escooter,52.510299,13.498339, 52.510582, 13.498232
296933b6-7ee1-4ec5-b49b-15e6e170099c,2021-12-09T15:26:17Z,escooter,52.508953,13.497402, 52.507982, 13.496632
44e4baaf-aae5-4f10-9dad-093d51ba1324,2021-12-09T15:26:57Z,escooter,52.508023,13.497291, 52.507982, 13.496632
a16de200-f393-460c-bde8-a5de5aa56db5,2021-12-09T15:28:00Z,escooter,52.509569,13.497824, 52.509282, 13.498232
68cc98fa-865e-46d8-a652-f3632c382bd6,2021-12-09T15:27:55Z,escooter,52.507869,13.497252, 52.507982, 13.496632
b14910de-4c03-42fa-88bb-585be6b54f03,2021-12-09T16:48:12Z,escooter,52.510299,13.498339, 52.510582, 13.498232
68cc98fa-865e-46d8-a652-f3632c382bd6,2021-12-09T16:51:22Z,escooter,52.507869,13.497252, 52.507982, 13.496632
296933b6-7ee1-4ec5-b49b-15e6e170099c,2021-12-09T16:56:23Z,escooter,52.508953,13.497402, 52.507982, 13.496632
666d21d0-af27-4a89-a790-489b963b7603,2021-12-09T16:57:07Z,escooter,52.508254,13.49909, 52.507982, 13.498232
a16de200-f393-460c-bde8-a5de5aa56db5,2021-12-09T16:48:05Z,escooter,52.509569,13.497824, 52.509282, 13.498232
44e4baaf-aae5-4f10-9dad-093d51ba1324,2021-12-09T16:57:02Z,escooter,52.507994,13.497233, 52.507982, 13.496632
296933b6-7ee1-4ec5-b49b-15e6e170099c,2021-12-09T17:47:44Z,escooter,52.508953,13.497402, 52.507982, 13.496632
666d21d0-af27-4a89-a790-489b963b7603,2021-12-09T17:52:51Z,escooter,52.508254,13.49909, 52.507982, 13.498232
a16de200-f393-460c-bde8-a5de5aa56db5,2021-12-09T17:48:08Z,escooter,52.509569,13.497824, 52.509282, 13.498232
e4d5fc0d-9461-4e67-bbce-852295c7889f,2021-12-09T17:52:02Z,escooter,52.510126,13.498163, 52.509282, 13.498232
44e4baaf-aae5-4f10-9dad-093d51ba1324,2021-12-09T17:47:05Z,escooter,52.507994,13.497233, 52.507982, 13.496632
68cc98fa-865e-46d8-a652-f3632c382bd6,2021-12-09T17:48:03Z,escooter,52.507869,13.497252, 52.507982, 13.496632
b14910de-4c03-42fa-88bb-585be6b54f03,2021-12-09T17:48:15Z,escooter,52.510299,13.498339, 52.510582, 13.498232
e4d5fc0d-9461-4e67-bbce-852295c7889f,2021-12-09T18:43:59Z,escooter,52.510204,13.498128, 52.509282, 13.498232
296933b6-7ee1-4ec5-b49b-15e6e170099c,2021-12-09T18:46:30Z,escooter,52.508953,13.497402, 52.507982, 13.496632
44e4baaf-aae5-4f10-9dad-093d51ba1324,2021-12-09T18:47:09Z,escooter,52.507994,13.497233, 52.507982, 13.496632
68cc98fa-865e-46d8-a652-f3632c382bd6,2021-12-09T18:48:07Z,escooter,52.507869,13.497252, 52.507982, 13.496632
666d21d0-af27-4a89-a790-489b963b7603,2021-12-09T18:47:13Z,escooter,52.508254,13.49909, 52.507982, 13.498232
b14910de-4c03-42fa-88bb-585be6b54f03,2021-12-09T18:48:19Z,escooter,52.510299,13.498339, 52.510582, 13.498232
e4d5fc0d-9461-4e67-bbce-852295c7889f,2021-12-09T20:54:07Z,escooter,52.510204,13.498128, 52.509282, 13.498232
b14910de-4c03-42fa-88bb-585be6b54f03,2021-12-09T20:58:27Z,escooter,52.50956,13.497899, 52.509282, 13.498232
847e377f-d8af-4fb1-a276-a4b8e0523921,2021-12-09T20:58:21Z,escooter,52.509553,13.497896, 52.509282, 13.498232
68cc98fa-865e-46d8-a652-f3632c382bd6,2021-12-09T20:59:21Z,escooter,52.507869,13.497252, 52.507982, 13.496632
296933b6-7ee1-4ec5-b49b-15e6e170099c,2021-12-09T20:56:37Z,escooter,52.508953,13.497402, 52.507982, 13.496632
666d21d0-af27-4a89-a790-489b963b7603,2021-12-09T20:57:21Z,escooter,52.508254,13.49909, 52.507982, 13.498232
44e4baaf-aae5-4f10-9dad-093d51ba1324,2021-12-09T20:57:17Z,escooter,52.507994,13.497233, 52.507982, 13.496632
68cc98fa-865e-46d8-a652-f3632c382bd6,2021-12-09T20:59:21Z,escooter,52.507869,13.497252, 52.507982, 13.496632
666d21d0-af27-4a89-a790-489b963b7603,2021-12-09T21:00:51Z,escooter,52.508254,13.49909, 52.507982, 13.498232
b14910de-4c03-42fa-88bb-585be6b54f03,2021-12-09T20:58:27Z,escooter,52.50956,13.497899, 52.509282, 13.498232
e4d5fc0d-9461-4e67-bbce-852295c7889f,2021-12-09T20:54:07Z,escooter,52.510204,13.498128, 52.509282, 13.498232
44e4baaf-aae5-4f10-9dad-093d51ba1324,2021-12-09T20:57:17Z,escooter,52.507994,13.497233, 52.507982, 13.496632
847e377f-d8af-4fb1-a276-a4b8e0523921,2021-12-09T21:00:53Z,escooter,52.509555,13.497894, 52.509282, 13.498232
296933b6-7ee1-4ec5-b49b-15e6e170099c,2021-12-09T20:56:37Z,escooter,52.508953,13.497402, 52.507982, 13.496632
666d21d0-af27-4a89-a790-489b963b7603,2021-12-08T10:55:18Z,escooter,52.508254,13.49909, 52.507982, 13.498232
14b97f57-7c71-4c4a-bed7-9ebabdd6bc22,2021-12-08T10:53:13Z,escooter,52.509922,13.498167, 52.509282, 13.498232
296933b6-7ee1-4ec5-b49b-15e6e170099c,2021-12-08T10:54:34Z,escooter,52.508953,13.497402, 52.507982, 13.496632
b7e6ddce-a33f-4893-bb54-acea4a8553ac,2021-12-08T10:53:42Z,escooter,52.508256,13.495717, 52.507982, 13.495032
296933b6-7ee1-4ec5-b49b-15e6e170099c,2021-12-08T11:24:36Z,escooter,52.508953,13.497402, 52.507982, 13.496632
666d21d0-af27-4a89-a790-489b963b7603,2021-12-08T11:25:20Z,escooter,52.508254,13.49909, 52.507982, 13.498232
14b97f57-7c71-4c4a-bed7-9ebabdd6bc22,2021-12-08T11:23:14Z,escooter,52.509946,13.498154, 52.509282, 13.498232
b7e6ddce-a33f-4893-bb54-acea4a8553ac,2021-12-08T11:23:44Z,escooter,52.508256,13.495717, 52.507982, 13.495032
666d21d0-af27-4a89-a790-489b963b7603,2021-12-08T12:45:25Z,escooter,52.508254,13.49909, 52.507982, 13.498232
14b97f57-7c71-4c4a-bed7-9ebabdd6bc22,2021-12-08T12:44:14Z,escooter,52.510003,13.498003, 52.509282, 13.498232
296933b6-7ee1-4ec5-b49b-15e6e170099c,2021-12-08T12:44:41Z,escooter,52.508953,13.497402, 52.507982, 13.496632
b7e6ddce-a33f-4893-bb54-acea4a8553ac,2021-12-08T12:43:49Z,escooter,52.508256,13.495717, 52.507982, 13.495032
8aeeb23b-1473-4a8d-be01-3a27f3b9b023,2021-12-08T12:46:02Z,escooter,52.510261,13.499217, 52.509282, 13.498232
b7e6ddce-a33f-4893-bb54-acea4a8553ac,2021-12-08T14:23:55Z,escooter,52.508256,13.495717, 52.507982, 13.495032
666d21d0-af27-4a89-a790-489b963b7603,2021-12-08T14:25:31Z,escooter,52.508254,13.49909, 52.507982, 13.498232
296933b6-7ee1-4ec5-b49b-15e6e170099c,2021-12-08T14:24:47Z,escooter,52.508953,13.497402, 52.507982, 13.496632
8aeeb23b-1473-4a8d-be01-3a27f3b9b023,2021-12-08T14:26:08Z,escooter,52.510261,13.499217, 52.509282, 13.498232
296933b6-7ee1-4ec5-b49b-15e6e170099c,2021-12-08T15:44:52Z,escooter,52.508953,13.497402, 52.507982, 13.496632
8aeeb23b-1473-4a8d-be01-3a27f3b9b023,2021-12-08T15:46:13Z,escooter,52.510261,13.499217, 52.509282, 13.498232
666d21d0-af27-4a89-a790-489b963b7603,2021-12-08T15:45:36Z,escooter,52.508254,13.49909, 52.507982, 13.498232
54f5c754-5909-40e0-91e4-fcc981c4d327,2021-12-08T15:46:38Z,escooter,52.508541,13.497269, 52.507982, 13.496632
b7e6ddce-a33f-4893-bb54-acea4a8553ac,2021-12-08T15:44:00Z,escooter,52.508256,13.495717, 52.507982, 13.495032
666d21d0-af27-4a89-a790-489b963b7603,2021-12-08T16:55:40Z,escooter,52.508254,13.49909, 52.507982, 13.498232
296933b6-7ee1-4ec5-b49b-15e6e170099c,2021-12-08T16:54:56Z,escooter,52.508953,13.497402, 52.507982, 13.496632
b7e6ddce-a33f-4893-bb54-acea4a8553ac,2021-12-08T16:54:04Z,escooter,52.508256,13.495717, 52.507982, 13.495032
54f5c754-5909-40e0-91e4-fcc981c4d327,2021-12-08T16:50:14Z,escooter,52.508541,13.497269, 52.507982, 13.496632
b7e6ddce-a33f-4893-bb54-acea4a8553ac,2021-12-08T17:39:36Z,escooter,52.508256,13.495717, 52.507982, 13.495032
666d21d0-af27-4a89-a790-489b963b7603,2021-12-08T17:35:42Z,escooter,52.508254,13.49909, 52.507982, 13.498232
296933b6-7ee1-4ec5-b49b-15e6e170099c,2021-12-08T17:34:58Z,escooter,52.508953,13.497402, 52.507982, 13.496632
54f5c754-5909-40e0-91e4-fcc981c4d327,2021-12-08T17:36:44Z,escooter,52.508541,13.497269, 52.507982, 13.496632
296933b6-7ee1-4ec5-b49b-15e6e170099c,2021-12-08T18:35:02Z,escooter,52.508953,13.497402, 52.507982, 13.496632
b7e6ddce-a33f-4893-bb54-acea4a8553ac,2021-12-08T18:39:36Z,escooter,52.508256,13.495717, 52.507982, 13.495032
666d21d0-af27-4a89-a790-489b963b7603,2021-12-08T18:35:46Z,escooter,52.508254,13.49909, 52.507982, 13.498232
b7e6ddce-a33f-4893-bb54-acea4a8553ac,2021-12-08T19:24:13Z,escooter,52.508256,13.495717, 52.507982, 13.495032
296933b6-7ee1-4ec5-b49b-15e6e170099c,2021-12-08T19:25:05Z,escooter,52.508953,13.497402, 52.507982, 13.496632
666d21d0-af27-4a89-a790-489b963b7603,2021-12-08T19:25:49Z,escooter,52.508254,13.49909, 52.507982, 13.498232
296933b6-7ee1-4ec5-b49b-15e6e170099c,2021-12-08T20:35:09Z,escooter,52.508953,13.497402, 52.507982, 13.496632
666d21d0-af27-4a89-a790-489b963b7603,2021-12-08T20:25:52Z,escooter,52.508254,13.49909, 52.507982, 13.498232
b7e6ddce-a33f-4893-bb54-acea4a8553ac,2021-12-08T20:34:17Z,escooter,52.508256,13.495717, 52.507982, 13.495032
296933b6-7ee1-4ec5-b49b-15e6e170099c,2021-12-08T21:25:12Z,escooter,52.508953,13.497402, 52.507982, 13.496632
b7e6ddce-a33f-4893-bb54-acea4a8553ac,2021-12-08T21:31:36Z,escooter,52.508256,13.495717, 52.507982, 13.495032
666d21d0-af27-4a89-a790-489b963b7603,2021-12-08T21:25:56Z,escooter,52.508254,13.49909, 52.507982, 13.498232
666d21d0-af27-4a89-a790-489b963b7603,2021-12-08T22:26:00Z,escooter,52.508254,13.49909, 52.507982, 13.498232
296933b6-7ee1-4ec5-b49b-15e6e170099c,2021-12-08T22:35:17Z,escooter,52.508953,13.497402, 52.507982, 13.496632
b7e6ddce-a33f-4893-bb54-acea4a8553ac,2021-12-08T22:34:25Z,escooter,52.508256,13.495717, 52.507982, 13.495032
666d21d0-af27-4a89-a790-489b963b7603,2021-12-08T23:28:51Z,escooter,52.508254,13.49909, 52.507982, 13.498232
296933b6-7ee1-4ec5-b49b-15e6e170099c,2021-12-08T23:27:43Z,escooter,52.508953,13.497402, 52.507982, 13.496632
b7e6ddce-a33f-4893-bb54-acea4a8553ac,2021-12-08T23:31:36Z,escooter,52.508256,13.495717, 52.507982, 13.495032
